curso1,"thiago","Thiago Silva","thiagosilva@gmail.com"
curso1,"maria","Maria Silva","mariasilva@gmail.com"
curso1,"pedro","Pedro Silva","pedrosilva@gmail.com"
curso2,"jef","Jef Silva","jefsilva@gmail.com"
curso2,"paula","Paula Silva","paulasilva@gmail.com"
curso2,"joaquim","Joaquim Silva","joaquimsilva@gmail.com"